,mae_list,mse_list,rmse_list,mean_mae,std_mae,mean_mse,std_mse,mean_rmse,std_rmse
"(0.1,5,50)","[2.8547906284435607, 2.345347397417509, 2.7365953784382846, 1.9217384865723266, 2.5039550226079355]","[10.403358779797145, 7.079758847839144, 9.4183531957803, 4.774951358985705, 8.102297436477038]","[3.2254238139812177, 2.660781623478173, 3.0689335600140155, 2.1851662085492958, 2.8464534839826627]",2.4725,0.3275,7.9557,1.9512,2.7974,0.3613
"(0.1,5,150)","[3.076513509981516, 3.4888832708808577, 3.7385483714687435, 3.406600893592578, 3.5884371070562593]","[11.908609127503395, 15.656377474973382, 16.5232701327077, 14.864980552789685, 15.564844197430336]","[3.4508852672181662, 3.956814056153433, 4.064882548451763, 3.8555130077318744, 3.9452305632789493]",3.4598,0.2213,14.9036,1.5874,3.8547,0.2125
"(0.1,5,200)","[3.1959269983292966, 3.418850367907869, 3.2512334800382, 3.535020230485027, 3.372260486137509]","[13.060351766593902, 14.899639765721158, 13.315396597708462, 15.629662245258803, 14.442003725198397]","[3.6139108686565447, 3.860005150996713, 3.6490268014511025, 3.953436763786516, 3.8002636389069635]",3.3547,0.1207,14.2694,0.9643,3.7753,0.1277
"(0.1,5,400)","[3.251337254070057, 3.652586290790479, 3.528012968658046, 3.436926268666304, 3.172745793428875]","[13.336072409199604, 16.254560280761133, 15.446390142551722, 14.82044971413056, 12.73832332893098]","[3.6518587608503705, 4.031694467684913, 3.9301895809937366, 3.8497337198994113, 3.569078778751035]",3.4083,0.176,14.5192,1.3064,3.8065,0.1721
"(0.1,10,50)","[2.2797250884616442, 2.335063123947649, 2.299052749513934, 2.5191940255755014, 2.4766266077732793]","[6.859464768094443, 6.94982026287455, 6.728778945478616, 8.197361711718829, 7.779783170235047]","[2.619057992503114, 2.636251175983531, 2.593989002574725, 2.8631035104792892, 2.7892262673069474]",2.3819,0.0973,7.303,0.5794,2.7003,0.1062
"(0.1,10,150)","[3.5142295234034653, 3.187582776293534, 3.3049100864133267, 3.4120272653853556, 3.240827462493447]","[15.449519648097871, 13.024604761910796, 13.463572475287737, 14.719452352540642, 13.561545403860894]","[3.9305876975457337, 3.6089617290726146, 3.669274107407041, 3.836593847743157, 3.682600358966595]",3.3319,0.1179,14.0437,0.8989,3.7456,0.1191
"(0.1,10,200)","[3.439918542806885, 3.3597992017619873, 3.3778499950920073, 3.3285390873020755, 3.3153270753321267]","[14.748946403301332, 13.847210162165455, 14.281027732297481, 13.846764094151117, 13.919980129892787]","[3.8404357048779416, 3.721183973168413, 3.779024706494717, 3.7211240363835114, 3.7309489583606994]",3.3643,0.0438,14.1288,0.3493,3.7585,0.0462
"(0.1,10,400)","[3.3491933109404055, 3.4904660515043804, 3.3512359778357568, 3.460289465658732, 3.3343626171067227]","[13.96804603662907, 15.40887553229169, 14.050420843458193, 15.30647355269416, 14.005780670835122]","[3.737384919516462, 3.925414058706634, 3.748389099794496, 3.9123488536548168, 3.742429781683969]",3.3971,0.0649,14.5479,0.6625,3.8132,0.0865
"(0.1,20,50)","[2.3835381566535276, 2.258848441662715, 2.451833184267399, 2.526962188608569, 2.2452996650632735]","[7.3598793578404935, 6.9672909018098315, 7.767403685320011, 8.011667382290153, 6.5751006548038555]","[2.7129097585140007, 2.63956263456843, 2.787006222691297, 2.830488894571069, 2.564195908038981]",2.3733,0.109,7.3363,0.5212,2.7068,0.0966
"(0.1,20,150)","[3.4217728851338443, 3.4210733758807903, 3.3887209085287386, 3.295183204280389, 3.4363980925411663]","[14.889274052720403, 14.514821844455941, 14.300826143942226, 13.662878358448902, 14.774235916272275]","[3.8586622102382067, 3.8098322593594514, 3.7816433126277555, 3.6963330962521357, 3.843726826437107]",3.3926,0.0512,14.4284,0.434,3.798,0.0575
"(0.1,20,200)","[3.347476160565603, 3.3561714108986553, 3.395098329559788, 3.442075344677046, 3.4088286489113075]","[14.49060171194828, 14.490297301141469, 14.796932147500513, 14.95099064311504, 14.85192948023552]","[3.806652297222361, 3.8066123129551124, 3.8466780665270797, 3.8666510888771746, 3.8538201151890212]",3.3899,0.0348,14.7162,0.1908,3.8361,0.0249
"(0.1,20,400)","[3.48835539983692, 3.5606406832442166, 3.512231632812981, 3.3693912392021454, 3.4664647999759466]","[15.285965055860652, 15.781832596841786, 15.771623135365639, 14.385111805227655, 15.042177168277593]","[3.909726979708513, 3.9726354724341104, 3.9713502911938705, 3.7927709929848987, 3.878424572977744]",3.4794,0.0633,15.2533,0.5191,3.905,0.0668
"(0.1,50,50)","[2.585954609908963, 2.6655144653918375, 2.5297182164947967, 2.5035788217537918, 2.592709726954533]","[9.304413559438922, 9.242351779793314, 8.565538491521602, 8.44181095090699, 9.235059451305922]","[3.0503136821381047, 3.040123645477814, 2.9266941233278208, 2.9054794700542956, 3.0389240614575947]",2.5755,0.0562,8.9578,0.3737,2.9923,0.0627
"(0.1,50,150)","[3.4036042418923564, 3.3278113799886233, 3.380737632655055, 3.352308777631605, 3.325636520788439]","[14.803089521776917, 14.252448686155141, 14.658465394300036, 14.33384893966195, 14.382288049734399]","[3.84747833285347, 3.775241540107751, 3.82863753759742, 3.7860069914967074, 3.7923987197728035]",3.358,0.0303,14.486,0.2092,3.806,0.0274
"(0.1,50,200)","[3.459258438037483, 3.47932644117612, 3.415320140006757, 3.5239790401467013, 3.4315325474670315]","[14.811664724060643, 15.132740905860384, 14.596702174226706, 15.514004616590682, 14.997629098319623]","[3.8485925640499596, 3.8900823777730444, 3.820563070311326, 3.9387821235238034, 3.872677252020832]",3.4619,0.0381,15.0105,0.3096,3.8741,0.0399
"(0.1,50,400)","[3.5418740601039005, 3.472184184052248, 3.4929118550691514, 3.449059253461899, 3.493892606921484]","[15.773148366993171, 15.076893879322762, 15.57987527866576, 14.97927123289964, 15.485909099882162]","[3.9715423159011123, 3.882897613808889, 3.9471350722601017, 3.8703063487144838, 3.935213984001653]",3.49,0.0307,15.379,0.3027,3.9214,0.0386
"(0.1,100,50)","[2.690254791519824, 2.9864862692466354, 2.9865302813305763, 3.081327380311556, 2.9718539839921956]","[9.296339981127616, 11.577611137675287, 12.396508721532411, 12.404732156341309, 10.92854079803913]","[3.048989993608968, 3.402588887549492, 3.5208676092026536, 3.5220352292873662, 3.305834357320271]",2.9433,0.1324,11.3207,1.1533,3.3601,0.1753
"(0.1,100,150)","[3.3613859234663592, 3.3707495010084196, 3.3987616767733395, 3.3649076408792338, 3.3711134360021133]","[14.31684827736347, 14.28187589139847, 14.643740298498562, 14.015531168863223, 14.092635397589701]","[3.7837611284756694, 3.7791369241400172, 3.826714034063502, 3.743732251225136, 3.7540159026820468]",3.3734,0.0132,14.2701,0.2183,3.7775,0.0288
"(0.1,100,200)","[3.51825374101316, 3.4608641759007543, 3.5058748067230305, 3.522096285136866, 3.494688670254128]","[15.608855864808511, 15.448379469142779, 15.020246215639927, 15.51980944847132, 15.47387188563252]","[3.9508044579311328, 3.930442655623254, 3.8755962400177766, 3.93951893617372, 3.9336842635921503]",3.5004,0.022,15.4142,0.2044,3.926,0.0261
"(0.1,100,400)","[3.4856786809988924, 3.508404885878055, 3.4312354639359284, 3.4377130066768142, 3.560805511103775]","[15.356924878251744, 15.407343627597866, 14.988111668158638, 14.96293903608641, 15.71423596423019]","[3.918791252191388, 3.925218927346329, 3.871448264946677, 3.868195837349295, 3.964118560819062]",3.4848,0.0478,15.2859,0.2815,3.9096,0.036
"(0.5,5,50)","[2.334479368340018, 2.8562334034364114, 2.5408531303374, 2.4811324464740427, 2.175976971690941]","[6.921185338325425, 10.41260198291498, 8.057435377376853, 7.7888944311702915, 5.89983110308607]","[2.630814576956237, 3.2268563622998436, 2.8385622024850634, 2.790859084792762, 2.4289567931698723]",2.4777,0.2275,7.816,1.5016,2.7832,0.2641
"(0.5,5,150)","[3.7372313045629335, 3.01818463680782, 3.37305209312191, 3.490724960450641, 3.4645137682663467]","[17.200264852521848, 11.657945827821703, 14.6291042907055, 15.613136687153654, 14.551297756838327]","[4.1473202013495225, 3.4143734165761224, 3.8248012093055896, 3.9513461867006354, 3.814616331538249]",3.4167,0.2329,14.7303,1.809,3.8305,0.2402
"(0.5,5,200)","[3.2511920899271027, 3.3687570885515337, 2.948207032057377, 3.8471368635819716, 3.1425569704287475]","[13.599320876243638, 14.09377708479457, 10.930364439569585, 18.022143593967186, 12.383751819413616]","[3.687725705125537, 3.7541679617186245, 3.3061101674883107, 4.245249532591363, 3.5190555294586665]",3.3116,0.3014,13.8059,2.3746,3.7025,0.3125
"(0.5,5,400)","[3.496297855788379, 3.570603751490751, 3.7416900732868266, 3.383440531409445, 3.671962176041589]","[14.956323840925371, 15.755610473843955, 17.135678677615527, 14.297674691637571, 16.754254208734523]","[3.8673406678136555, 3.969333756922433, 4.139526383249119, 3.781226612045035, 4.093196087256818]",3.5728,0.1265,15.7799,1.0643,3.9701,0.1342
"(0.5,10,50)","[2.2542620636315673, 2.376717505899032, 2.742454646375973, 2.36550760161755, 2.6314976729031234]","[6.769882450542546, 7.485589442914191, 9.79603068663293, 7.353158737647915, 9.019596527644696]","[2.601899777190226, 2.7359805267790542, 3.1298611289692917, 2.711670838735394, 3.003264311985326]",2.4741,0.1824,8.0849,1.1336,2.8365,0.1973
"(0.5,10,150)","[3.375616418005614, 3.3786713514058713, 3.5267325625474792, 3.6282000561604284, 3.404171946272403]","[14.486183566649174, 14.325812482927606, 15.546377232581156, 16.407840944189875, 14.489267482335062]","[3.806071933982485, 3.7849455059389703, 3.9428894522394557, 4.050659322158539, 3.806477043453049]",3.4627,0.0996,15.0511,0.8058,3.8782,0.1029
"(0.5,10,200)","[3.625845471706061, 3.385708207890487, 3.505808900731962, 3.095156605841792, 3.1900906185783153]","[16.011029578168365, 14.243168697548407, 15.40699321582183, 12.287538148335708, 13.31512488846096]","[4.001378459752135, 3.774012281054264, 3.9251742911394176, 3.505358490701872, 3.6489895708895856]",3.3605,0.1958,14.2528,1.3539,3.771,0.1802
"(0.5,10,400)","[3.4759423783583814, 3.3459250949665713, 3.509130709525244, 3.3923666076016286, 3.441987371243717]","[15.280397672003946, 14.00740006148766, 15.351184227957743, 14.759585035704403, 14.703211989227412]","[3.909014923481867, 3.742646130946347, 3.918058732070991, 3.841820536634214, 3.834476755598789]",3.4331,0.0582,14.8204,0.4841,3.8492,0.0632
"(0.5,20,50)","[2.559745714609103, 2.472541726309298, 2.3015771205811184, 2.434345282489488, 2.799161614086651]","[8.799904997396219, 7.7457231974789496, 6.809193502805311, 8.107560421107658, 10.111354405404851]","[2.966463382109447, 2.7831139390041058, 2.60944314036641, 2.8473778149567117, 3.1798355940842056]",2.5135,0.1653,8.3147,1.1042,2.8772,0.1903
"(0.5,20,150)","[3.3418061397477956, 3.4345639845458305, 3.368742685405594, 3.197493672939576, 3.646358739301381]","[14.557638901226827, 14.833882653049127, 14.319568399994692, 12.934654097496622, 16.73617925917648]","[3.8154474051186744, 3.8514779829370864, 3.7841205583325026, 3.5964780129310707, 4.090987565267888]",3.3978,0.1464,14.6764,1.22,3.8277,0.1584
"(0.5,20,200)","[3.3021564310759683, 3.1794036241524757, 3.4167223330038228, 3.500171585672236, 3.4764695889085466]","[13.356063482485723, 12.969461308368595, 14.537729845085828, 15.195615280969749, 15.216352031937635]","[3.654594845189508, 3.60131383086348, 3.812837505727962, 3.8981553690136246, 3.900814278062676]",3.375,0.1194,14.255,0.9327,3.7735,0.1242
"(0.5,20,400)","[3.4926694882132256, 3.4635949249332114, 3.3856684665928807, 3.543700812828836, 3.4018308993208004]","[15.245005941439665, 14.912425691199733, 14.627707026095456, 15.651678264608712, 14.599168484751738]","[3.9044853619189896, 3.8616610015898254, 3.824618546482179, 3.956220199206398, 3.8208858246160324]",3.4575,0.0582,15.0072,0.3978,3.8736,0.0512
"(0.5,50,50)","[2.5200224112388665, 2.6029790159258037, 2.7466265013133415, 2.6170949081861665, 2.636897785300334]","[8.404131233370277, 9.08767489072496, 9.702010161074218, 8.677904866407031, 8.924726347020393]","[2.8989879670964966, 3.0145770666421785, 3.114804995673761, 2.945828383733009, 2.987428048844088]",2.6247,0.0728,8.9593,0.4374,2.9923,0.0727
"(0.5,50,150)","[3.365794267203458, 3.417458727165593, 3.275119659233258, 3.4013948800335476, 3.3966399286203357]","[14.721083545888279, 14.324021562721347, 14.228992072849907, 14.642622585047304, 14.601884380381625]","[3.8368064253866496, 3.7847089138692485, 3.7721336234086285, 3.8265679903860725, 3.8212412093954007]",3.3713,0.0509,14.5037,0.1918,3.8083,0.0252
"(0.5,50,200)","[3.4361289165482476, 3.2816837141511503, 3.3923930188038693, 3.3661552883206314, 3.480699351768846]","[14.801646680166206, 13.492779814469209, 14.632824667017756, 14.40429131701926, 15.203844081087759]","[3.847290823445273, 3.6732519399667116, 3.82528752736546, 3.795298580746877, 3.8992106997554976]",3.3914,0.0673,14.5071,0.5705,3.8081,0.0755
"(0.5,50,400)","[3.433748393866139, 3.5476197433359427, 3.4239443839401473, 3.3978147331383415, 3.5302516354396234]","[14.871840511498943, 15.46719396366139, 14.763610084370198, 14.72645292854183, 15.836969905122091]","[3.8564025349409445, 3.9328353593382714, 3.8423443474485985, 3.8375060818898814, 3.9795690602277642]",3.4667,0.0604,15.1332,0.4421,3.8897,0.0566
"(0.5,100,50)","[2.747419993429013, 2.909584827553127, 2.9989197713188838, 2.786008210804197, 2.9448201241166205]","[9.64411613937405, 11.271562168226174, 11.658274473258343, 10.085190751891794, 11.053811456261549]","[3.1054977281225065, 3.357314725822733, 3.4144215429935336, 3.175718934649569, 3.3247272754711097]",2.8774,0.0955,10.7426,0.7555,3.2755,0.116
"(0.5,100,150)","[3.355519686757514, 3.303971817239483, 3.387509316383252, 3.34850508991537, 3.311160904328859]","[14.422081739668965, 13.9409045137193, 14.65098042972577, 14.382765170188856, 14.126666920460782]","[3.7976416023196506, 3.733752069128225, 3.827659915630668, 3.7924616240891424, 3.758545851850258]",3.3413,0.0306,14.3047,0.2465,3.782,0.0326
"(0.5,100,200)","[3.4523935702840367, 3.536624873323869, 3.4425473356584537, 3.483553511868228, 3.4969654548905162]","[15.27480653762373, 15.563505081817613, 14.89945817365085, 15.34727851118343, 15.563520192940265]","[3.9082996990537624, 3.9450608464024497, 3.8599816286675317, 3.917560275373364, 3.945062761597116]",3.4824,0.0336,15.3297,0.244,3.9152,0.0313
"(0.5,100,400)","[3.5493193124267672, 3.495185880532645, 3.415815706978764, 3.444685453785781, 3.500670430076164]","[15.963364922018515, 15.522389961452888, 14.873481970714062, 14.943792434314997, 15.39614223441399]","[3.995417990901392, 3.939846438816225, 3.8566153516670627, 3.8657201702030886, 3.9237918184345597]",3.4811,0.0465,15.3398,0.3999,3.9163,0.051
"(1.0,5,50)","[2.6637613120440484, 2.8547972729405195, 2.450055842290452, 3.2980771866314003, 3.399382656665012]","[9.066331377804728, 10.403402073634844, 7.69162566458906, 13.639369702034763, 14.327276037754608]","[3.0110349346702585, 3.2254305253151623, 2.7733780241050914, 3.6931517301668997, 3.7851388399574732]",2.9332,0.364,11.0256,2.5719,3.2976,0.3889
"(1.0,5,150)","[3.030492828728354, 4.078805325398082, 2.8460750292803123, 3.5085618089720074, 3.3859975969907885]","[11.584203193126687, 19.999063046268095, 10.214454645609054, 15.288772621361684, 14.31628107315923]","[3.4035574320300057, 4.472031199160857, 3.1960060459281134, 3.9100860120158076, 3.7836861753003816]",3.37,0.427,14.2806,3.3918,3.7531,0.4416
"(1.0,5,200)","[3.76031183197072, 3.516554172743352, 3.2339274926580974, 3.1367355548148685, 3.562642061367807]","[17.374052220494296, 15.434140871750179, 13.239448095174492, 12.669392335360543, 15.614831633199277]","[4.1682193105083005, 3.9286309156944457, 3.638605240359895, 3.5594089868067345, 3.9515606579172333]",3.442,0.2271,14.8664,1.7114,3.8493,0.2222
"(1.0,5,400)","[3.242493337957934, 3.7813748684463637, 3.5382716368105904, 3.4529857096059065, 3.5936187587983026]","[13.394301940830186, 17.509144852852344, 15.50741632724669, 15.079283242518676, 16.21244718170821]","[3.659822665216197, 4.184393008890578, 3.9379456988697408, 3.8832052794719307, 4.0264683261771985]",3.5217,0.1764,15.5405,1.3526,3.9384,0.1726
"(1.0,10,50)","[2.270504546069201, 2.200303512702528, 2.663917349860374, 2.6613515582118654, 2.4969759851130733]","[6.679920480182819, 6.312585696537961, 9.062408050928717, 8.901488596717313, 8.178412966667079]","[2.5845542130477392, 2.5124859594708107, 3.0103833727498426, 2.983536256980517, 2.8597924691604946]",2.4586,0.1933,7.827,1.1326,2.7902,0.205
"(1.0,10,150)","[3.829249632009051, 3.4854187631661544, 3.5987591867435795, 3.419415115979119, 3.401876983777419]","[17.921922098463874, 15.206334444505863, 16.17045106874514, 14.340567502844781, 14.415581069649427]","[4.2334291181575106, 3.8995300286708736, 4.021249938606793, 3.7868941763462023, 3.796785623346336]",3.5469,0.1571,15.611,1.3312,3.9476,0.1661
"(1.0,10,200)","[3.3830030772278676, 3.6064946722423, 3.391849072960755, 3.380124541427735, 3.4036788167584935]","[14.406717711192611, 16.535434970735476, 14.907271618489034, 14.076533034865664, 14.601281280349946]","[3.7956182251634067, 4.066378606418182, 3.8609936050826392, 3.751870604760466, 3.8211622944269124]",3.433,0.0871,14.9054,0.8585,3.8592,0.1095
"(1.0,10,400)","[3.5513349199591167, 3.37585002554402, 3.5109693640091595, 3.322833506119448, 3.5034662669070866]","[15.741697707679213, 14.30903384550373, 15.453708333364577, 14.020526312633878, 15.50634928326255]","[3.9675808382034528, 3.78272835999411, 3.9311204933663095, 3.7443993260113, 3.9378102142259914]",3.4529,0.0877,15.0063,0.6999,3.8727,0.0908
"(1.0,20,50)","[2.4201165544625978, 2.537432503498925, 2.6719200708900113, 2.3647393961123035, 2.4325581758960824]","[7.722666629811881, 8.58833412565994, 8.824170357100456, 7.420460326454794, 7.644811364657207]","[2.7789686269930938, 2.930585969675679, 2.970550514147244, 2.724052188643748, 2.764925200553752]",2.4854,0.1087,8.0401,0.5579,2.8338,0.0978
"(1.0,20,150)","[3.4184965181263265, 3.665074790330377, 3.423695584635752, 3.4711344291983166, 3.631894630975264]","[14.873801883516466, 16.688232616551606, 14.955243260535033, 14.875744323674555, 16.355017795648454]","[3.8566568272943944, 4.085123329417559, 3.8672009594194914, 3.8569086486037696, 4.044133750959339]",3.5221,0.1054,15.5496,0.8012,3.942,0.101
"(1.0,20,200)","[3.29792381453841, 3.33340884535233, 3.3409697763459016, 3.078977348752316, 3.489279595812541]","[13.306400435678777, 13.797518347071868, 14.14598016513731, 12.00463688749853, 14.892919941823958]","[3.6477939135426465, 3.7145010899274036, 3.7611142185710484, 3.4647708275582283, 3.8591346104825055]",3.3081,0.132,13.6295,0.9629,3.6895,0.1317
"(1.0,20,400)","[3.4131295693304025, 3.400239284530763, 3.4136977455234474, 3.5247208801956273, 3.4349586857423455]","[14.564419062876404, 14.311197783282644, 14.569808911499928, 15.584166753082059, 14.912329441040566]","[3.816335816313392, 3.783014377884737, 3.817041905913521, 3.947678653725764, 3.861648539295176]",3.4373,0.0451,14.7884,0.4414,3.8451,0.057
"(1.0,50,50)","[2.7778103277657946, 2.7539713274272, 2.6719294681474617, 2.571015304672843, 2.509059522588642]","[10.45479176625833, 10.515801763205692, 9.402092579599563, 8.598380708119612, 8.66271999934829]","[3.2333870424460986, 3.242807697537073, 3.066283186465262, 2.9322995597516313, 2.943249904331654]",2.6568,0.1034,9.5268,0.8323,3.0836,0.1347
"(1.0,50,150)","[3.407152108345599, 3.2314461935837384, 3.265625917817076, 3.3786010651226084, 3.222480755813198]","[14.366342184455105, 12.808503583822883, 13.127645835271634, 14.17847115237715, 13.491841607017845]","[3.7902957911560287, 3.5788969786545803, 3.6232093281056277, 3.765431071255607, 3.673124229728399]",3.3011,0.0769,13.5946,0.5972,3.6862,0.081
"(1.0,50,200)","[3.4076073517288363, 3.4720530038326585, 3.459005859891196, 3.4042022869535793, 3.355525709844552]","[14.988637004160998, 15.459203827594004, 15.018331037616077, 14.37919716122349, 13.962494648888294]","[3.8715161118302217, 3.9318194042445547, 3.875349150414202, 3.7919911868599443, 3.7366421622746127]",3.4197,0.0419,14.7616,0.5271,3.8415,0.0688
"(1.0,50,400)","[3.527769085643306, 3.447254980884669, 3.499314419499987, 3.468598706336294, 3.472638033116388]","[15.64098435517606, 14.922264162112533, 15.345652948955685, 15.390083954717394, 15.304598385191074]","[3.9548684371513625, 3.8629346567231155, 3.9173527986327303, 3.9230197494681813, 3.9121091990371477]",3.4831,0.0278,15.3207,0.2311,3.9141,0.0296
"(1.0,100,50)","[3.016565966000081, 2.9086076427580365, 2.821924404681425, 2.951658338691183, 3.0654582414911418]","[12.44949394239775, 10.717565109456828, 10.545282774727779, 11.860710110753264, 12.04114776533864]","[3.5283840412287533, 3.2737692511013705, 3.2473501158217877, 3.443938168834229, 3.4700357008737877]",2.9528,0.0847,11.5228,0.7544,3.3927,0.1116
"(1.0,100,150)","[3.3646356352515103, 3.5847816177536793, 3.4236792675321492, 3.3736928554226053, 3.4335409518826445]","[14.256212173233456, 16.061694094771426, 14.462528860295057, 14.674582039148547, 14.930859516941736]","[3.775739950424745, 4.007704342235268, 3.8029631684115817, 3.8307417087489135, 3.8640470386554218]",3.4361,0.0791,14.8772,0.6332,3.8562,0.0812
"(1.0,100,200)","[3.5199515448900107, 3.4731845995330093, 3.469349997407719, 3.543763531720706, 3.4963011196622493]","[15.301081927387026, 14.832312500880423, 15.205437750297138, 15.882768668852133, 15.683168842145335]","[3.9116597407477847, 3.8512741399282944, 3.8994150523247892, 3.985319142659987, 3.960198081175402]",3.5005,0.0282,15.381,0.3691,3.9216,0.0471
"(1.0,100,400)","[3.5680511365467056, 3.456352245117414, 3.4886996657515716, 3.4807405188754763, 3.525074819749842]","[15.867769634218584, 15.089806041064962, 15.08480172292093, 15.349299647174039, 15.656254181701172]","[3.9834369122930244, 3.884559954623556, 3.8839157718623265, 3.917818225386936, 3.95679847625592]",3.5038,0.039,15.4096,0.3105,3.9253,0.0395
"(1.5,5,50)","[1.8850390682375167, 2.038303429324523, 2.3986552723677343, 2.672716828042324, 2.3375660425826474]","[4.586998831768492, 5.361582877121526, 7.687534434097908, 9.308985248804943, 7.124398252572296]","[2.1417280013504265, 2.3155092047153527, 2.772640336231497, 3.0510629703113215, 2.669156843007225]",2.2665,0.2775,6.8139,1.6825,2.59,0.3251
"(1.5,5,150)","[3.1874838864521298, 3.916359736778449, 3.5713750342076938, 3.9630000927917624, 3.1397914653214767]","[12.971708926638895, 19.39315864351917, 15.661986850910482, 19.283867860321276, 12.53830640305662]","[3.601625872663469, 4.403766415640045, 3.9575228174845036, 4.391340098457563, 3.5409471053740154]",3.5556,0.3478,15.9698,2.9516,3.979,0.3702
"(1.5,5,200)","[3.772262134812772, 3.217718506645299, 3.6559007485631008, 3.7255563220785, 3.829088109562738]","[17.28184162769402, 13.446187049063292, 16.5636147880537, 16.624167974515775, 17.868902064200725]","[4.157143445647987, 3.6669042868696877, 4.069842108491889, 4.077274576787265, 4.227162412801373]",3.6401,0.2187,16.3569,1.5315,4.0397,0.1951
"(1.5,5,400)","[3.5737943372748116, 3.3250003624468474, 3.4533583601975706, 3.5825079691244834, 3.2855667664262787]","[15.657832500825426, 13.954964844356745, 14.968994890095136, 15.826910985039573, 13.561035695708052]","[3.9569979151909376, 3.735634463428769, 3.8689785331654574, 3.978305039214511, 3.6825311533927385]",3.444,0.1228,14.7939,0.902,3.8445,0.1177
"(1.5,10,50)","[2.463922244147938, 2.662131085328887, 2.150797934369799, 2.3985512570798906, 2.500017869951749]","[7.9881114324454785, 9.15849642798517, 6.023745370341367, 7.377705389950324, 8.112013484937224]","[2.826324721691667, 3.026300782801533, 2.4543319600945117, 2.716193179792322, 2.848159666334952]",2.4351,0.1666,7.732,1.0285,2.7743,0.1884
"(1.5,10,150)","[3.636839073500716, 3.6633472729412113, 3.1206037651419742, 3.2621329586037446, 3.0993917260859702]","[15.964633531315648, 16.758211431808256, 12.288744735980643, 13.312921949983508, 11.984668635645717]","[3.995576745767205, 4.093679449078574, 3.5055305926465175, 3.648687702446389, 3.461888016046405]",3.3565,0.2463,14.0618,1.9448,3.7411,0.2573
"(1.5,10,200)","[3.403040992933644, 3.3621483225162936, 3.34889586883827, 3.5073214957839065, 3.281764054659444]","[14.443126231593391, 14.512963147568778, 14.102278390665935, 15.187501956551912, 13.5559744661873]","[3.800411324000784, 3.809588317334142, 3.7553000400322123, 3.8971145680556933, 3.6818438948694308]",3.3806,0.0744,14.3604,0.5344,3.7889,0.0705
"(1.5,10,400)","[3.6735858630761364, 3.760121253784177, 3.458432996585818, 3.7095398470797445, 3.5267137633597434]","[16.698873436101092, 17.238434680161568, 14.824334171523892, 16.97693034090284, 15.624496853023166]","[4.086425508448807, 4.151919397117624, 3.850238196725482, 4.1203070687635455, 3.9527834310803276]",3.6257,0.1142,16.2726,0.9086,4.0323,0.1135
"(1.5,20,50)","[2.283617682454986, 2.348845706900116, 2.6643402671184906, 2.5847206162963543, 2.4953578161167003]","[6.779148918409182, 6.813439468982429, 8.802735483179136, 8.416483237232573, 7.6784704621277635]","[2.6036798801713665, 2.6102565906405504, 2.9669404246090174, 2.9011175841789956, 2.771005316149315]",2.4754,0.142,7.6981,0.8202,2.7706,0.1478
"(1.5,20,150)","[3.349085117360251, 3.403688799211831, 3.617406649347404, 3.3576199810849046, 3.375526458035879]","[13.951533608692392, 14.52907242541021, 16.112423444075795, 14.30557960755992, 14.247546804052186]","[3.7351751777784656, 3.8117020378579185, 4.014028331249768, 3.7822717522092355, 3.774592269908392]",3.4207,0.1001,14.6292,0.7641,3.8236,0.0983
"(1.5,20,200)","[3.3127256515222836, 3.331186100448339, 3.3070172138255556, 3.3061297132519214, 3.3887314911446227]","[14.18684613461608, 14.435667083482207, 13.92519329172287, 13.818245734231805, 14.115994089064566]","[3.766542995190162, 3.799429836631045, 3.731647530478042, 3.717290106277933, 3.757125774986055]",3.3292,0.0311,14.0964,0.2146,3.7544,0.0286
"(1.5,20,400)","[3.519889571470058, 3.612875580854143, 3.4250018881284254, 3.4629304107856558, 3.416447941499651]","[15.52418122111826, 16.2095688235659, 14.892047714546596, 15.08072767982746, 14.554695659584116]","[3.9400737583347674, 4.026110880684472, 3.859021600684116, 3.883391260203826, 3.8150616848989634]",3.4874,0.0726,15.2522,0.572,3.9047,0.0729
"(1.5,50,50)","[3.01683528398985, 2.7138549666864638, 2.732571954421575, 2.601420539044963, 2.5589647119919383]","[11.109707772637018, 9.569437708938311, 10.002745621104783, 8.957180958175886, 8.580838169951058]","[3.3331228259152135, 3.0934507768733464, 3.1627117511883345, 2.9928549844882038, 2.9293067729329847]",2.7247,0.1601,9.644,0.8814,3.1023,0.1406
"(1.5,50,150)","[3.4838815302971247, 3.3042749791307418, 3.4789905901702687, 3.336027954187378, 3.301503999172558]","[15.636975147291025, 14.076168197114166, 15.046762608637355, 14.639545663468773, 13.791135646817013]","[3.9543615347222647, 3.751821983665292, 3.879015675224496, 3.8261659221038458, 3.713641830712409]",3.3809,0.083,14.6381,0.663,3.825,0.0865
"(1.5,50,200)","[3.291593743226151, 3.4446600534155745, 3.3548522310502586, 3.534428246899774, 3.5040372562295103]","[13.876609422436642, 15.006725947961845, 14.196373559930647, 15.460453435929871, 15.288490292906804]","[3.725132134896243, 3.8738515650398693, 3.7678075269220757, 3.9319783107145785, 3.9100499092603416]",3.4259,0.0909,14.7657,0.6211,3.8418,0.0811
"(1.5,50,400)","[3.5569846861192054, 3.549199018572776, 3.3766972363452705, 3.6231842119658837, 3.370180489238892]","[16.07762949541853, 15.439670229503363, 14.57315294980657, 16.187550499848918, 14.413767514515836]","[4.009691945202091, 3.9293345784627913, 3.8174799213364006, 4.023375510668736, 3.7965467881373245]",3.4952,0.1027,15.3384,0.7373,3.9153,0.0943
"(1.5,100,50)","[3.1454226458769523, 3.0092972707086627, 3.2961553996172435, 3.126714155581496, 3.0757087845869044]","[13.28626971043202, 11.693306414320649, 13.75660901621602, 11.895360680998659, 12.16744996237514]","[3.645033567805929, 3.419547691482113, 3.708990296053094, 3.448965160885024, 3.4881872028856393]",3.1307,0.0953,12.5598,0.8132,3.5421,0.1141
"(1.5,100,150)","[3.4376458810100905, 3.4505791183554715, 3.552395910227581, 3.2913175799651144, 3.4146899893814773]","[14.84561435032314, 15.028831240748529, 15.85937019665464, 13.577867168650107, 15.00028800520451]","[3.853000694306081, 3.8767036565552093, 3.9823824774442045, 3.6848157577618594, 3.873020527340968]",3.4293,0.0836,14.8624,0.7336,3.854,0.0959
"(1.5,100,200)","[3.4422322132406187, 3.471723172514443, 3.430845682587288, 3.346768399605983, 3.5189799169833966]","[15.099090738626966, 15.177930642157033, 15.143456203770958, 14.475718163538236, 15.217154162974726]","[3.8857548479834607, 3.8958863743899195, 3.891459392537838, 3.804696855669087, 3.90091709255333]",3.4421,0.0566,15.0227,0.2762,3.8757,0.0359
"(1.5,100,400)","[3.4499352756500086, 3.434660692516003, 3.498575544378559, 3.5063489704016106, 3.5212903149227395]","[14.856274428065442, 15.012867330493412, 15.303255856701325, 15.307163823839483, 15.56721820237274]","[3.8543837935609684, 3.874644155337805, 3.9119376089990654, 3.9124370696331314, 3.945531422048586]",3.4822,0.0337,15.2094,0.2489,3.8998,0.0319
